source_path,file_name,extension,cloud_only,length,last_write_time,top_folder,rule_excluded,rule_reason,absolute_path
01_IT/統合/★概要・スケジュール/10_全体計画/99_履歴/杏林堂システム統合に向けての全体計画_20220127_1.pptx,杏林堂システム統合に向けての全体計画_20220127_1.pptx,pptx,False,1133827,2022-01-27 15:25:41,★概要・スケジュール,False,,C:\Users\takatoshi-saito\OneDrive\00personal\01_IT\統合\★概要・スケジュール\10_全体計画\99_履歴\杏林堂システム統合に向けての全体計画_20220127_1.pptx
01_IT/統合/★概要・スケジュール/10_全体計画/99_履歴/杏林堂システム統合に向けての全体計画_20220128_1.pptx,杏林堂システム統合に向けての全体計画_20220128_1.pptx,pptx,False,1163695,2022-01-28 13:57:30,★概要・スケジュール,False,,C:\Users\takatoshi-saito\OneDrive\00personal\01_IT\統合\★概要・スケジュール\10_全体計画\99_履歴\杏林堂システム統合に向けての全体計画_20220128_1.pptx
01_IT/統合/★概要・スケジュール/10_全体計画/99_履歴/杏林堂システム統合に向けての全体計画_20220131_1.pptx,杏林堂システム統合に向けての全体計画_20220131_1.pptx,pptx,False,1162979,2022-01-31 17:57:35,★概要・スケジュール,False,,C:\Users\takatoshi-saito\OneDrive\00personal\01_IT\統合\★概要・スケジュール\10_全体計画\99_履歴\杏林堂システム統合に向けての全体計画_20220131_1.pptx
01_IT/統合/★概要・スケジュール/10_全体計画/99_履歴/杏林堂システム統合に向けての全体計画_20220210.pptx,杏林堂システム統合に向けての全体計画_20220210.pptx,pptx,False,1163908,2022-02-10 14:59:21,★概要・スケジュール,False,,C:\Users\takatoshi-saito\OneDrive\00personal\01_IT\統合\★概要・スケジュール\10_全体計画\99_履歴\杏林堂システム統合に向けての全体計画_20220210.pptx
01_IT/統合/★概要・スケジュール/10_全体計画/99_履歴/杏林堂システム統合に向けての全体計画_20220217.pptx,杏林堂システム統合に向けての全体計画_20220217.pptx,pptx,False,1205571,2022-02-17 17:10:00,★概要・スケジュール,False,,C:\Users\takatoshi-saito\OneDrive\00personal\01_IT\統合\★概要・スケジュール\10_全体計画\99_履歴\杏林堂システム統合に向けての全体計画_20220217.pptx
01_IT/統合/★概要・スケジュール/10_全体計画/99_履歴/杏林堂システム統合に向けての全体計画_20220224.pptx,杏林堂システム統合に向けての全体計画_20220224.pptx,pptx,False,1224466,2022-02-24 13:21:48,★概要・スケジュール,False,,C:\Users\takatoshi-saito\OneDrive\00personal\01_IT\統合\★概要・スケジュール\10_全体計画\99_履歴\杏林堂システム統合に向けての全体計画_20220224.pptx
01_IT/統合/★概要・スケジュール/10_全体計画/履歴/杏林堂システム統合に向けての全体計画_20220303.pptx,杏林堂システム統合に向けての全体計画_20220303.pptx,pptx,False,1223637,2022-03-03 11:18:59,★概要・スケジュール,False,,C:\Users\takatoshi-saito\OneDrive\00personal\01_IT\統合\★概要・スケジュール\10_全体計画\履歴\杏林堂システム統合に向けての全体計画_20220303.pptx
01_IT/統合/★概要・スケジュール/10_全体計画/99_履歴/杏林堂システム統合に向けての全体計画_20220310.pptx,杏林堂システム統合に向けての全体計画_20220310.pptx,pptx,False,1227713,2022-03-10 14:30:20,★概要・スケジュール,False,,C:\Users\takatoshi-saito\OneDrive\00personal\01_IT\統合\★概要・スケジュール\10_全体計画\99_履歴\杏林堂システム統合に向けての全体計画_20220310.pptx
01_IT/統合/★概要・スケジュール/10_全体計画/履歴/杏林堂システム統合に向けての全体計画_20220310.pptx,杏林堂システム統合に向けての全体計画_20220310.pptx,pptx,False,1227644,2022-03-10 15:57:57,★概要・スケジュール,False,,C:\Users\takatoshi-saito\OneDrive\00personal\01_IT\統合\★概要・スケジュール\10_全体計画\履歴\杏林堂システム統合に向けての全体計画_20220310.pptx
01_IT/統合/★概要・スケジュール/10_全体計画/履歴/杏林堂システム統合に向けての全体計画_20220317.pptx,杏林堂システム統合に向けての全体計画_20220317.pptx,pptx,False,1295240,2022-03-18 17:24:48,★概要・スケジュール,False,,C:\Users\takatoshi-saito\OneDrive\00personal\01_IT\統合\★概要・スケジュール\10_全体計画\履歴\杏林堂システム統合に向けての全体計画_20220317.pptx
